<?xml version="1.0" encoding="UTF-8"?>
<!DOCTYPE manifesto SYSTEM "file:/C:/Users/Tiago/Desktop/PLC/PRI/TPC3/Manifesto.dtd">
<manifesto>
    <meta>
        <id>TP3</id>
        <título>The Quran - Um conjunto de páginas HTML</título>
        <subtítulo></subtítulo>
        <dinício>01-10-2018</dinício>
        <dfim>07-10-2018</dfim>
        <supervisor>
            <nome>José Carlos Ramalho</nome>
            <email>jcr@di.uminho.pt</email>
            <website>http://www.di.uminho.pt/~jcr</website>
        </supervisor>
    </meta>
    <equipe>
        <elemento>
            <id>a71835</id>
            <nome>Tiago Filipe Oliveira Sá</nome>
            <email>tiagosa95@gmail.com</email>
            <website></website>
            <foto path=""/>
        </elemento>
    </equipe>
    <resumo>
        <para>Este trabalho é referente à criação de uma <i>Stylesheet XSLT</i>, que seja capaz de, a partir de um ficheiro <i>XML</i> fornecido, o <b>quran.xml</b>, criar um conjunto de páginas
                HTML. Cada página HTML corresponde a um <i>sura</i> e cada um destes <i>suras</i> está identificado na página <i>index</i>, juntamente com mais alguma meta-informação acerca do livro sagrado.
        </para>
    </resumo>
    <resultados>
        <resultado path="quran2html.xsl">Stylesheet para conversão do Corão.</resultado>
    </resultados>
</manifesto>