<?xml version="1.0" encoding="UTF-8"?>
<!DOCTYPE manifesto SYSTEM "file:/C:/Users/Tiago/Desktop/PLC/PRI/Manifesto.dtd">
<manifesto>
    <meta>
        <id>TP2</id>
        <título>Especificação de um DTD para um Processo de Negócio</título>
        <subtítulo></subtítulo>
        <dinício>24-09-2018</dinício>
        <dfim>30-09-2018</dfim>
        <supervisor>
            <nome>José Carlos Ramalho</nome>
            <email>jcr@di.uminho.pt</email>
            <website>http://www.di.uminho.pt/~jcr</website>
        </supervisor>
    </meta>
    <equipe>
        <elemento>
            <id>a71835</id>
            <nome>Tiago Filipe Oliveira Sá</nome>
            <email>tiagosa95@gmail.com</email>
            <website></website>
            <foto path=""/>
        </elemento>
    </equipe>
    <resumo>
        <para>Este trabalho é referente à realização de um <i>Document Type Definition</i> (DTD) no âmbito de um site para o governo.</para>
    </resumo>
    <resultados>
        <resultado path="Processo_Negócio.dtd">DTD para o processo de negócio.</resultado>
    </resultados>
</manifesto>